Workbook

Sheet Criteria
A1: Parameter | B1: Value | C1: Unit | D1: Source
A2: Max peak position error (per run) | B2: 0.5 | C2: m | D2: CVT-VAL-002 Rev A §4
A3: Min pass rate | B3: 0.95 | C3: fraction | D3: CVT-VAL-002 Rev A §4
A4: Max runtime (per run) | B4: 50 | C4: ms | D4: CVT-VAL-002 Rev A §4

Sheet Runs
A1: RunID | B1: Date | C1: Scenario | D1: Build | E1: Worker | F1: PeakPosError_m | G1: Runtime_ms | H1: Result
A2: VR-1901 | B2: 46162 | C2: maneuver | D2: v2.3.0-rc1 | E2: estimator-01 | F2: 0.887 | G2: 34.7 | H2: =IF(AND(F2<=Criteria!$B$2,G2<=Criteria!$B$4),"PASS","FAIL") -> FAIL
A3: VR-1902 | B3: 46162 | C3: cruise | D3: v2.3.0-rc1 | E3: estimator-02 | F3: 0.224 | G3: 37.2 | H3: =IF(AND(F3<=Criteria!$B$2,G3<=Criteria!$B$4),"PASS","FAIL") -> PASS
A4: VR-1903 | B4: 46162 | C4: maneuver | D4: v2.3.0-rc1 | E4: estimator-01 | F4: 0.75 | G4: 32.5 | H4: =IF(AND(F4<=Criteria!$B$2,G4<=Criteria!$B$4),"PASS","FAIL") -> FAIL
A5: VR-1904 | B5: 46162 | C5: maneuver | D5: v2.3.0-rc1 | E5: estimator-02 | F5: 1.003 | G5: 37.8 | H5: =IF(AND(F5<=Criteria!$B$2,G5<=Criteria!$B$4),"PASS","FAIL") -> FAIL
A6: VR-1905 | B6: 46162 | C6: cruise | D6: v2.3.0-rc1 | E6: estimator-01 | F6: 0.208 | G6: 33.9 | H6: =IF(AND(F6<=Criteria!$B$2,G6<=Criteria!$B$4),"PASS","FAIL") -> PASS
A7: VR-1906 | B7: 46163 | C7: turn | D7: v2.3.0-rc1 | E7: estimator-02 | F7: 0.339 | G7: 35.5 | H7: =IF(AND(F7<=Criteria!$B$2,G7<=Criteria!$B$4),"PASS","FAIL") -> PASS
A8: VR-1907 | B8: 46163 | C8: turn | D8: v2.3.0-rc1 | E8: estimator-01 | F8: 0.437 | G8: 36 | H8: =IF(AND(F8<=Criteria!$B$2,G8<=Criteria!$B$4),"PASS","FAIL") -> PASS
A9: VR-1908 | B9: 46163 | C9: cruise | D9: v2.3.0-rc1 | E9: estimator-02 | F9: 0.208 | G9: 36.8 | H9: =IF(AND(F9<=Criteria!$B$2,G9<=Criteria!$B$4),"PASS","FAIL") -> PASS
A10: VR-1909 | B10: 46163 | C10: turn | D10: v2.3.0-rc1 | E10: estimator-01 | F10: 0.366 | G10: 31.9 | H10: =IF(AND(F10<=Criteria!$B$2,G10<=Criteria!$B$4),"PASS","FAIL") -> PASS
A11: VR-1910 | B11: 46163 | C11: cruise | D11: v2.3.0-rc1 | E11: estimator-02 | F11: 0.166 | G11: 37.1 | H11: =IF(AND(F11<=Criteria!$B$2,G11<=Criteria!$B$4),"PASS","FAIL") -> PASS
A12: VR-1911 | B12: 46164 | C12: stop-go | D12: v2.3.0-rc1 | E12: estimator-01 | F12: 0.228 | G12: 30.6 | H12: =IF(AND(F12<=Criteria!$B$2,G12<=Criteria!$B$4),"PASS","FAIL") -> PASS
A13: VR-1912 | B13: 46164 | C13: crossing | D13: v2.3.0-rc1 | E13: estimator-02 | F13: 0.255 | G13: 35.7 | H13: =IF(AND(F13<=Criteria!$B$2,G13<=Criteria!$B$4),"PASS","FAIL") -> PASS
... A41: VR-1940 | B41: 46169 | C41: crossing | D41: v2.3.0-rc1 | E41: estimator-02 | F41: 0.308 | G41: 38.3 | H41: =IF(AND(F41<=Criteria!$B$2,G41<=Criteria!$B$4),"PASS","FAIL") -> PASS

Sheet Summary
A1: Item | B1: Value
A2: Campaign | B2: VAL-2026-05
A3: Build under test | B3: v2.3.0-rc1
A4: Period | B4: 2026-05-20 to 2026-05-27
A5: Total runs | B5: =COUNTA(Runs!A2:A41) -> 40
A6: Passed | B6: =COUNTIF(Runs!H2:H41,"PASS") -> 34
A7: Failed | B7: =COUNTIF(Runs!H2:H41,"FAIL") -> 6
A8: Pass rate | B8: =B6/B5 -> 0.85
A9: Mean peak position error (m) | B9: =AVERAGE(Runs!F2:F41) -> 0.35505
A10: Max peak position error (m) | B10: =MAX(Runs!F2:F41) -> 1.003
A11: Max runtime (ms) | B11: =MAX(Runs!G2:G41) -> 43.3
A12: Verdict | B12: =IF(B8>=Criteria!B3,"ACCEPT","REJECT") -> REJECT
A13: Prepared by | B13: D. Volkov, 2026-05-28
